,54e0cc8e-6f30-43c2-aa6d-333ad38a10d1
?昶股份有限公司,57a0a7d2-0458-4776-be82-3c79d38a10d1
一力藥廠股份有限公司,57a0a7d3-89f0-4d75-b3df-3c79d38a10d1
一安堂企業股份有限公司,57a0a7d2-ce14-4dad-9933-3c79d38a10d1
一度勇企業有限公司,54e0cc92-1ab0-4f85-be9d-333ad38a10d1
一德藥品廠股份有限公司,57a0a7d2-01d4-4e84-9c2c-3c79d38a10d1
三友生技醫藥股份有限公司,54e0cc8e-2c30-40b3-80d9-333ad38a10d1
三友生技醫藥股份有限公司製藥廠,57a0a7d2-25b8-4d1f-aa8d-3c79d38a10d1
三寶佛生物科技股份有限公司,54e0cc8e-bd34-472e-9a47-333ad38a10d1
三寶佛製藥廠有限公司,57a0a7d2-4994-41e8-bce9-3c79d38a10d1
三寶佛製藥股份有限公司,57a0a7d2-02ec-4a6a-b0ae-3c79d38a10d1
三才中藥房,57a0a7d2-b1c0-4e8e-aa9d-3c79d38a10d1
三才堂製藥廠有限公司,57a0a7d2-c6e4-4ed3-8976-3c79d38a10d1
三正貿易有限公司,54e0cc90-0038-4c02-9e15-333ad38a10d1
三泰製藥廠有限公司,57a0a7d4-5158-4f2e-b45b-3c79d38a10d1
三洋藥品工業股份有限公司,54e0cc8e-de40-4366-8260-333ad38a10d1
三洋藥品工業股份有限公司大發廠,54e0cc90-82d0-4a63-ac59-333ad38a10d1
三禾生物科技有限公司,57a0a7d2-f0a8-4e05-bc3d-3c79d38a10d1
三立國際藥品股份有限公司,57a0a7d2-de10-482f-a4fa-3c79d38a10d1
三雄蔘藥行,57a0a7d3-dae0-4323-a994-3c79d38a10d1
三龍製藥廠有限公司,57a0a7d3-9ae4-4b81-ab71-3c79d38a10d1
上禾興藥業有限公司,57a0a7d2-f7ac-4600-be69-3c79d38a10d1
下春企業有限公司,57a0a7d5-ceac-4c01-8a5b-3c79d38a10d1
世揚生物科技有限公司,57a0a7d7-1058-4669-b309-3c79d38a10d1
世辰行有限公司,57a0a7d2-4b88-4908-a40f-3c79d38a10d1
中天生物科技股份有限公司,54e0cc92-9138-4665-b551-333ad38a10d1
中天生物科技股份有限公司龍潭廠,57a0a7d5-65b0-49d9-8502-3c79d38a10d1
中榮貿易股份有限公司,54e0cc8e-94d8-4092-ab25-333ad38a10d1
中美兄弟製藥股份有限公司,54e0cc8e-3348-40ef-87be-333ad38a10d1
中興藥房,57a0a7d6-fa98-4e31-bc49-3c79d38a10d1
中華醫藥產業股份有限公司,57a0a7d2-3c08-4a8d-a386-3c79d38a10d1
久德藥品實業有限公司,57a0a7d2-e01c-434b-96f1-3c79d38a10d1
久德製藥廠有限公司,57a0a7d2-3e70-41df-98c3-3c79d38a10d1
久松化學企業股份有限公司,54e0cc90-13fc-444b-bd5b-333ad38a10d1
久生藥品興業股份有限公司,54e0cc95-4e90-474b-ae42-333ad38a10d1
久翔藥業有限公司,54e0cc8e-a2bc-4bd2-bcb3-333ad38a10d1
久連企業有限公司,57a0a7d3-2930-4be1-a389-3c79d38a10d1
互發貿易有限公司,57a0a7d3-5c2c-49fe-993f-3c79d38a10d1
五味堂中藥行,57a0a7d5-ea9c-4528-b447-3c79d38a10d1
五塔生物科技有限公司,57a0a7d4-79bc-45fa-983f-3c79d38a10d1
五洲製藥股份有限公司,54e0cc90-1fa4-4af3-be03-333ad38a10d1
井田製藥工業股份有限公司,54e0cc8e-dc6c-44a2-ae5d-333ad38a10d1
亞爾基神聖生物科技藥行,57a0a7d2-6a30-44d9-af5b-3c79d38a10d1
京都念慈菴藥廠股份有限公司,57a0a7d2-85fc-405d-93ed-3c79d38a10d1
京都念慈菴藥廠股份有限公司龜山廠,57a0a7d2-8b74-47b4-a2b5-3c79d38a10d1
人壽製藥廠股份有限公司,57a0a7d2-33ac-4c16-b6bc-3c79d38a10d1
仁和藥行,57a0a7d3-6368-4a67-9090-3c79d38a10d1
仁昕實業有限公司,57a0a7d4-8740-4395-9eb3-3c79d38a10d1
仁昕生化科技有限公司,57a0a7d5-9f7c-4cb5-9ee5-3c79d38a10d1
仁濟生物製藥科技股份有限公司,57a0a80b-3c10-483b-b619-3c7dd38a10d1
仁濟股份有限公司,57a0a7d4-dee8-46bc-8b04-3c79d38a10d1
仁生製藥廠,57a0a7d3-e044-4776-92d2-3c79d38a10d1
今驥貿易股份有限公司,57a0a7d3-7b48-43db-b462-3c79d38a10d1
仙台藥品工業股份有限公司,54e0cc8f-9228-4ffa-9d36-333ad38a10d1
仙峰藥品有限公司,57a0a7d2-cb0c-4ab1-a5b0-3c79d38a10d1
仙臺藥品工業股份有限公司,54e0cc94-432c-42ba-804a-333ad38a10d1
仙豐股份有限公司,57a0a7d2-1868-4ddb-bc0e-3c79d38a10d1
仙豐股份有限公司蘇澳製藥廠,57a0a7d2-1c50-46bc-810e-3c79d38a10d1
仙鹿製藥股份有限公司,57a0a7d2-550c-4178-8ca3-3c79d38a10d1
位元堂藥廠有限公司,57a0a7d3-da2c-424e-844e-3c79d38a10d1
保力達股份有限公司,54e0cc8e-bcf0-4abf-8f90-333ad38a10d1
保濟堂企業有限公司,57a0a7d2-39dc-4efb-ac33-3c79d38a10d1
信？生物科技股份有限公司,57a0a7d2-0240-4195-869a-3c79d38a10d1
信?生物科技股份有限公司,57a0a7d2-a190-4cad-b790-3c79d38a10d1
信？藥廠,57a0a7d4-97f0-4b25-8c9a-3c79d38a10d1
信安實業有限公司,57a0a7d2-fb14-4955-bb03-3c79d38a10d1
信安製藥廠有限公司,57a0a7d2-118c-4546-84bb-3c79d38a10d1
信安製藥有限公司,57a0a7d7-9284-4b7f-a213-3c79d38a10d1
信宏科技製藥有限公司,57a0a7d3-7850-4f05-a6c2-3c79d38a10d1
信宏科技製藥股份有限公司,57a0a7d2-c978-4b1e-945a-3c79d38a10d1
信德藥品有限公司,57a0a7d2-fc40-40df-9756-3c79d38a10d1
信東生技股份有限公司,54e0cc93-15ec-4aa4-88bb-333ad38a10d1
信盈貿易股份有限公司,54e0cc8e-6ff4-4efc-b7f2-333ad38a10d1
信生物科技股份有限公司,57a0a7d3-b7bc-4229-92c1-3c79d38a10d1
偉立製藥企業股份有限公司,57a0a7d6-1aec-48b7-8afb-3c79d38a10d1
健業管理顧問股份有限公司,57a0a7d7-8544-47d1-b3a7-3c79d38a10d1
健民藥品社,54e0cc8e-9a44-4fc4-97e6-333ad38a10d1
優之堡生技製藥股份有限公司,57a0a7d2-5108-4fa4-8b4d-3c79d38a10d1
優之堡生技製藥股份有限公司新營廠,57a0a7d2-5690-4ed9-8511-3c79d38a10d1
元澤製藥股份有限公司,54e0cc92-198c-4d4f-ba97-333ad38a10d1
光星製藥廠,57a0a7d6-0ba0-4028-99b8-3c79d38a10d1
克林西藥房,54e0cc95-9cc8-43d9-9dc5-333ad38a10d1
克里薩斯生技股份有限公司,54e0cc90-edc4-48a0-ad3f-333ad38a10d1
全安蔘藥有限公司,57a0a7d2-53e4-4191-a7f8-3c79d38a10d1
全德中藥行,57a0a7d3-c218-4d9b-81bd-3c79d38a10d1
全民藥品有限公司,57a0a7d3-fcfc-440f-a93c-3c79d38a10d1
全生製藥股份有限公司,57a0a7d2-bf2c-4b6b-99a6-3c79d38a10d1
全群生技有限公司,54e0cc8e-caf0-4a08-ab5b-333ad38a10d1
全群藥品有限公司,57a0a7d7-2588-4453-9c0d-3c79d38a10d1
八仙藥品企業有限公司,54e0cc8e-ebfc-4772-8adb-333ad38a10d1
冠允企業有限公司,54e0cc95-7064-41d0-9113-333ad38a10d1
冠星化學製藥股份有限公司,57a0a7d2-5dd0-438a-a319-3c79d38a10d1
凱全股份有限公司,54e0cc8f-0d08-4fd1-95d9-333ad38a10d1
凱進藥品有限公司,54e0cc93-6340-4209-adcf-333ad38a10d1
創立生物科技股份有限公司,57a0a7d5-35b8-4d02-9137-3c79d38a10d1
劉裕春國藥號,57a0a7d3-59c0-4fcf-a1ac-3c79d38a10d1
勇健堂生技有限公司,57a0a7d5-9890-446c-bda8-3c79d38a10d1
勝利生技有限公司,57a0a7d2-0a98-412e-bcc4-3c79d38a10d1
勝昌製藥廠股份有限公司,57a0a7d2-7a0c-4f95-97fe-3c79d38a10d1
勝昌製藥廠股份有限公司中和廠,57a0a7d4-7678-45c2-a4fe-3c79d38a10d1
勝昌製藥廠股份有限公司中壢廠,57a0a7d2-8df4-4d19-8ac3-3c79d38a10d1
勸奉堂製藥股份有限公司,54e0cc8e-6f54-441a-b11f-333ad38a10d1
勸奉堂製藥股份有限公司桃園廠,57a0a7d2-f538-45ce-8b63-3c79d38a10d1
北京同仁堂生物科技股份有限公司,57a0a7d2-da24-4ad9-a110-3c79d38a10d1
北京同仁堂生物科技股份有限公司高雄廠,57a0a7d2-e000-481b-aefd-3c79d38a10d1
北辰製藥有限公司,57a0a7d4-ef6c-482c-8de9-3c79d38a10d1
北辰製藥有限公司　　　　　　　　　　　　　　　　　　　,57a0a7d5-d2fc-4de6-a478-3c79d38a10d1
協成隆貿易有限公司,57a0a7d2-2d04-4b49-9fe7-3c79d38a10d1
協興製藥工廠,57a0a7d2-e09c-4f6f-95be-3c79d38a10d1
協豊藥品企業行,57a0a80b-47b0-4fff-93cc-3c7dd38a10d1
協豐製藥廠,57a0a7d6-67d4-45d2-aa3e-3c79d38a10d1
南台生物科技有限公司,57a0a7d4-69f0-4618-9127-3c79d38a10d1
南和化學製藥廠,54e0cc90-aa6c-44e0-8810-333ad38a10d1
南峰製藥有限公司,54e0cc8e-6144-4221-94ac-333ad38a10d1
南方草生物科技股份有限公司,57a0a7d3-2da4-45c0-8130-3c79d38a10d1
南美製藥股份有限公司,54e0cc8e-400c-49b2-b517-333ad38a10d1
南美製藥股份有限公司大發廠,57a0a7d6-9fd8-4da4-bce5-3c79d38a10d1
南都化學製藥股份有限公司＊,57a0a7d2-1c14-46ee-9a4b-3c79d38a10d1
博今生物科技有限公司,57a0a7d6-6d5c-4a1f-b8ab-3c79d38a10d1
博愛天下生技醫藥有限公司,57a0a7d5-b9b0-4d0b-b6f1-3c79d38a10d1
厚昇藥業股份有限公司,57a0a7d2-2af8-4230-897f-3c79d38a10d1
厚生藥品有限公司,54e0cc90-80e0-4ad3-b622-333ad38a10d1
厚生製藥廠股份有限公司,54e0cc8e-c168-4dfb-87c1-333ad38a10d1
原力中藥行,57a0a7d5-e66c-4a75-b6da-3c79d38a10d1
友裕製藥有限公司,57a0a7d7-a938-431d-8f9f-3c79d38a10d1
友裕製藥股份有限公司,57a0a7d2-c0ec-4330-855d-3c79d38a10d1
古典藥園生物科技有限公司,57a0a7d4-70c0-4748-ae68-3c79d38a10d1
台塑藥品生物科技股份有限公司,57a0a7d2-7918-4b09-aa1c-3c79d38a10d1
台安製藥股份有限公司,57a0a7d2-81d0-4664-b86c-3c79d38a10d1
台灣?屋股份有限公司,57a0a7d2-da2c-4ef0-b24e-3c79d38a10d1
台灣三陽製藥廠股份有限公司,57a0a7d6-833c-4054-b0ee-3c79d38a10d1
台灣浤?生技製藥有限公司,57a0a7d3-8270-447c-bd61-3c79d38a10d1
台灣浤？生技製藥有限公司本洲廠,57a0a7d2-5854-4ea4-816e-3c79d38a10d1
台灣浤匯生技製藥有限公司本洲廠,57a0a7d6-5cb4-414b-afaf-3c79d38a10d1
台灣浤生技製藥有限公司本州廠,57a0a7d2-52d4-4575-9df3-3c79d38a10d1
台灣浤生技製藥有限公司本洲廠,57a0a7d2-b60c-49eb-aff9-3c79d38a10d1
台灣漢藥生技股份有限公司,57a0a7d2-54e8-4f6d-9274-3c79d38a10d1
台灣蔘鹿生物科技有限公司,57a0a7d3-9e74-4409-adba-3c79d38a10d1
台灣順安生物科技製藥有限公司,57a0a80b-ebb4-4bde-ba11-3c7dd38a10d1
台灣順安生物科技製藥有限公司大發廠,57a0a80b-15a8-41fe-a2cd-3c7dd38a10d1
台馬發展有限公司,57a0a7d2-10c4-4827-98ad-3c79d38a10d1
合一藥品企業股份有限公司,57a0a7d4-02bc-4016-b423-3c79d38a10d1
合強藥業股份有限公司,54e0cc95-32ec-4472-89c7-333ad38a10d1
吉立製藥股份有限公司,54e0cc8e-6aa8-4e4e-80f5-333ad38a10d1
同仁堂台灣藥店,57a0a7d2-73dc-48de-9cd5-3c79d38a10d1
名品生技開發有限公司,54e0cc97-b2f4-4950-b578-333ad38a10d1
呂仙祖中藥行,57a0a7d5-627c-4169-8282-3c79d38a10d1
和標萬塔油膏企業行,57a0a7d5-1fb8-4193-8224-3c79d38a10d1
和氣藥品股份有限公司,57a0a7d3-c834-4cc1-b44b-3c79d38a10d1
和盛記蔘藥有限公司,57a0a7d3-d4bc-48b4-bfb9-3c79d38a10d1
啟和貿易有限公司,57a0a7d2-f218-4906-823d-3c79d38a10d1
啟方企業有限公司,57a0a7d4-c898-45d5-833b-3c79d38a10d1
喬元中藥行,57a0a7d6-7500-42a9-b5ef-3c79d38a10d1
嘉宏藥品生技有限公司,57a0a7d5-f088-4c19-a928-3c79d38a10d1
回元堂中藥房,57a0a7d2-93e8-4cec-b6a9-3c79d38a10d1
回春堂製藥廠股份有限公司,54e0c498-d5a0-4ea5-b5ba-3fe5d38a10d1
回生堂中藥房,57a0a7d4-d0a0-4834-9d8f-3c79d38a10d1
國世德貿易股份有限公司,57a0a7d4-bea0-4ecf-8709-3c79d38a10d1
國品藥品實業有限公司,54e0cc8e-bf64-4ddf-bfec-333ad38a10d1
國嘉製藥工業股份有限公司二廠,54e0cc8f-4efc-4153-be92-333ad38a10d1
國安製藥股份有限公司,54e0cc8f-7d90-4b62-b5a8-333ad38a10d1
國安製藥股份有限公司新竹廠,54e0cc90-1ddc-4e08-a968-333ad38a10d1
國峰製藥生技股份有限公司,57a0a7d3-f750-4cd9-8259-3c79d38a10d1
國峰製藥生技股份有限公司高雄廠,57a0a7d2-1480-475f-875b-3c79d38a10d1
國本製藥工業股份有限公司,57a0a7d3-7d20-4b70-9c07-3c79d38a10d1
國本製酒生技股份有限公司,57a0a7d2-c2a4-4e2b-908d-3c79d38a10d1
國科生技製藥股份有限公司,57a0a7d2-45f8-43b6-99c6-3c79d38a10d1
國科生物科技股份有限公司龍潭廠,57a0a7d2-147c-4516-aca5-3c79d38a10d1
均記貿易有限公司,57a0a7d3-862c-44f7-a246-3c79d38a10d1
坤益中藥行,57a0a7d3-7760-46d5-bae5-3c79d38a10d1
壽山生物科技製藥廠,57a0a7d2-23a8-4996-b98f-3c79d38a10d1
壽山製藥廠,57a0a7d2-ca90-41f2-a1a4-3c79d38a10d1
多富貿易有限公司,54e0cc8e-2348-4ac2-9722-333ad38a10d1
大世界製藥廠,57a0a7d2-34ec-4525-9c1e-3c79d38a10d1
大中有限公司製藥廠,57a0a7d3-8424-41e8-bb63-3c79d38a10d1
大川蔘藥行,57a0a7d4-ddb8-4a1c-9a30-3c79d38a10d1
大昌生物科技有限公司,57a0a7d6-3cec-439c-9492-3c79d38a10d1
大昌製藥廠,54e0cc8e-4e48-4a71-a61b-333ad38a10d1
大明製藥廠,57a0a7d2-db78-4c9e-b79c-3c79d38a10d1
大昭製藥生物科技股份有限公司,57a0a7d2-0e34-4288-b9fb-3c79d38a10d1
大法貿易有限公司,54e0cc90-dd9c-44d7-9546-333ad38a10d1
大濟製藥廠股份有限公司,57a0a816-14e8-448a-8685-3c7dd38a10d1
大田製藥廠西藥部,57a0a7d2-7a70-402e-86e4-3c79d38a10d1
大維化學製藥股份有限公司,54e0cc8e-e1b4-4928-9f65-333ad38a10d1
大維生化製藥國際有限公司,57a0a7d2-8850-4281-b8ef-3c79d38a10d1
大維生化製藥國際股份有限公司,57a0a7d4-c28c-444a-aeaa-3c79d38a10d1
大維藥品股份有限公司,54e0cc94-a85c-43d2-9f0d-333ad38a10d1
大茂中藥房,57a0a7d3-e5d4-4188-86d5-3c79d38a10d1
大茂製藥科技有限公司,57a0a7d2-ed74-462d-aad6-3c79d38a10d1
大通藥品有限公司,57a0a7d7-28fc-4676-a64e-3c79d38a10d1
大鵰生技股份有限公司,57a0a7d3-c76c-486c-bc46-3c79d38a10d1
天一藥廠股份有限公司,57a0a7d2-2140-4232-ae0e-3c79d38a10d1
天上果企業社,57a0a7d3-49d0-4989-83ad-3c79d38a10d1
天乾製藥有限公司,54e0cc8f-fa4c-4ed8-995e-333ad38a10d1
天乾製藥股份有限公司,57a0a7d3-ed40-4072-bf99-3c79d38a10d1
天保生物科技股份有限公司,57a0a7d2-52b8-41b0-a8bc-3c79d38a10d1
天保製藥股份有限公司,57a0a7d2-3b5c-4be7-abd6-3c79d38a10d1
天地人國際有限公司,57a0a7d3-8e8c-44db-99cf-3c79d38a10d1
天明製藥股份有限公司,57a0a80b-f628-48ec-8aa2-3c7dd38a10d1
天明製藥股份有限公司農科分公司,54e0cc8e-2878-4bb6-b082-333ad38a10d1
天理生物科技有限公司,54e0cc8f-28fc-43c5-ad54-333ad38a10d1
天良生物科技企業股份有限公司,54e0cc8e-1bc0-4802-8e50-333ad38a10d1
天良生物科技企業股份有限公司平鎮廠,57a0a7d2-5f14-4394-935e-3c79d38a10d1
天良生物科技企業股份有限公司高雄廠,57a0a7d2-3fe8-4c54-aa20-3c79d38a10d1
太和堂製藥股份有限公司,57a0a7d2-51a8-4977-8955-3c79d38a10d1
太田藥品股份有限公司,54e0cc8f-b264-4c48-b7d5-333ad38a10d1
如來藥品有限公司,57a0a7d2-560c-4859-9a11-3c79d38a10d1
妙安堂製藥廠有限公司,57a0a7d4-f5e4-4c73-96c5-3c79d38a10d1
姿明企業股份有限公司,57a0a809-7090-4039-8399-3c7dd38a10d1
威尼斯藥廠有限公司,54e0cc8f-6738-405e-b49f-333ad38a10d1
存心堂藥品有限公司,57a0a7d2-feb8-4ebf-8cbb-3c79d38a10d1
宇力鑫生技股份有限公司,57a0a7d2-763c-4259-ba7f-3c79d38a10d1
安主藥化工業股份有限公司,54e0cc91-d6f4-492c-9387-333ad38a10d1
安原貿易股份有限公司,57a0a7d6-16c4-4be8-9697-3c79d38a10d1
安合實業有限公司,57a0a7d4-89b4-4601-9b63-3c79d38a10d1
安濟藥物科技股份有限公司,57a0a7d2-b694-48ed-a550-3c79d38a10d1
宏成醫藥事業有限公司,57a0a7d4-3704-4d1c-81fb-3c79d38a10d1
宏星製藥廠股份有限公司,57a0a7d2-a3f8-497d-b205-3c79d38a10d1
宏生堂生物科技藥品有限公司,57a0a7d7-5fec-44f8-be03-3c79d38a10d1
宏翔藥品有限公司,57a0a7d2-5b18-459a-b6e8-3c79d38a10d1
宏隆蔘藥行,57a0a7d5-e004-460b-9cc1-3c79d38a10d1
宏靈製藥有限公司,57a0a7d2-5930-4b7f-89e4-3c79d38a10d1
富大藥品企業股份有限公司,54e0cc8e-7298-4c3c-8c7e-333ad38a10d1
富安製藥廠,57a0a7d5-e76c-4754-83c9-3c79d38a10d1
富安龍獅藥品有限公司,57a0a7d2-a3dc-4fb2-b521-3c79d38a10d1
富生化學製藥股份有限公司,54e0cc8f-c520-42ed-8ce3-333ad38a10d1
富田製藥廠股份有限公司,57a0a7d2-8f18-46fd-ab5a-3c79d38a10d1
寶健科技股份有限公司,57a0a7fd-fdfc-4e3d-aea2-3c7dd38a10d1
寶吉祥有限公司,57a0a7d2-5170-4d8c-a6bc-3c79d38a10d1
寶慶藥品有限公司,57a0a7d2-fe7c-4ab6-aefe-3c79d38a10d1
展安中藥行,57a0a7d2-45e0-4cfd-b8fc-3c79d38a10d1
山本製藥廠有限公司,57a0a7d2-9698-47c6-80c6-3c79d38a10d1
帛新藥品有限公司,57a0a7d3-bf00-4829-b261-3c79d38a10d1
帝王之寶生物科技有限公司,57a0a7d5-41b4-4d1f-a5d9-3c79d38a10d1
康健德科技有限公司,57a0a7d3-dd90-49f4-b852-3c79d38a10d1
康百氏製藥股份有限公司,57a0a7d2-9db0-4ee3-bffb-3c79d38a10d1
康福生物科技有限公司,57a0a7d2-3718-4d7b-972d-3c79d38a10d1
廖泰華藥品有限公司,54e0cc8f-0c50-4937-8e7b-333ad38a10d1
廣山中藥行,57a0a7d4-9884-4a8c-a83e-3c79d38a10d1
廣愛堂股份有限公司,57a0a7d2-71d4-4552-b3ce-3c79d38a10d1
廣東製藥股份有限公司,57a0a7d2-9318-4403-929e-3c79d38a10d1
廣泉堂製藥化學有限公司,57a0a7d2-f1c8-4981-99b9-3c79d38a10d1
廣洲製藥股份有限公司,57a0a7d2-7754-4b6c-af23-3c79d38a10d1
廣生堂漢記貿易有限公司,57a0a7d5-5730-4806-870b-3c79d38a10d1
建民藥廠有限公司,57a0a7d3-dfb8-4f59-bb41-3c79d38a10d1
弘瑋有限公司,57a0a80c-b6fc-4f57-a234-3c7dd38a10d1
強立製藥有限公司,57a0a7d2-b3e8-42ed-be52-3c79d38a10d1
彥臣生技藥品股份有限公司,57a0a7d7-ca9c-4ccb-bfc3-3c79d38a10d1
得力興業化學股份有限公司,54e0cc90-a1a0-410c-b406-333ad38a10d1
得力興生技藥業股份有限公司,54e0cc8e-b6a4-4395-ba11-333ad38a10d1
得生製藥股份有限公司,54e0cc8e-10f4-4eb2-a0bf-333ad38a10d1
得生製藥股份有限公司台南廠,54e0cc91-d180-457e-8211-333ad38a10d1
復旦製藥股份有限公司,57a0a7d2-3ac0-46dc-b34a-3c79d38a10d1
德利製藥廠,57a0a7d3-5884-46aa-b27d-3c79d38a10d1
德和製藥廠,57a0a7d2-89a8-4b70-a0f4-3c79d38a10d1
德山製藥股份有限公司,54e0cc8e-ab04-4c55-919e-333ad38a10d1
志嘉貿易有限公司,57a0a7d3-7670-4685-9e04-3c79d38a10d1
忠山製藥有限公司,57a0a7d2-f310-448b-87da-3c79d38a10d1
忠山製藥股份有限公司,57a0a7d2-fa7c-4eb3-8871-3c79d38a10d1
忠純貿易股份有限公司,54e0cc93-d53c-4847-8691-333ad38a10d1
怡和製藥廠,57a0a7d3-44ac-43bf-88c1-3c79d38a10d1
怡川實業有限公司,57a0a7d2-c560-458c-afe6-3c79d38a10d1
怡得國際有限公司,57a0a7d2-1770-4ad2-850d-3c79d38a10d1
惟元貿易股份有限公司,57a0a7d2-f534-4cc9-8754-3c79d38a10d1
惠春藥行,57a0a7d3-0c14-497b-a9dc-3c79d38a10d1
惠生藥粧有限公司,54e0cc90-34d8-4752-961c-333ad38a10d1
愛力美國際有限公司,57a0a7d2-cf98-4e29-b004-3c79d38a10d1
愛因斯坦權威生藥有限公司,57a0a7d5-6d38-48bd-ac0a-3c79d38a10d1
愛康製藥廠有限公司,57a0a7d3-3fd0-48b9-9d0d-3c79d38a10d1
愛康製藥廠股份有限公司,57a0a7d2-57c8-41a8-9475-3c79d38a10d1
愛生堂中藥行,57a0a7d2-8624-4d74-aa24-3c79d38a10d1
愛生製藥廠有限公司,57a0a7d2-1fc4-4c52-a810-3c79d38a10d1
愛肝生物科技股份有限公司,54e0cc8e-b0b8-4cb0-9a33-333ad38a10d1
慈善堂中藥行,57a0a7d5-4e50-49f8-ae2b-3c79d38a10d1
慶安製藥有限公司,57a0a7d2-b224-4e51-a0c7-3c79d38a10d1
慶愛堂藥房製藥廠,57a0a7d5-05f8-4b22-abf1-3c79d38a10d1
慶昌藥品有限公司,54e0cc8e-f604-41b8-a0d7-333ad38a10d1
慶昌製藥有限公司,54e0cc94-85d0-4521-b6ee-333ad38a10d1
慶餘堂參藥號有限公司,57a0a7d2-653c-4c24-838c-3c79d38a10d1
應元化學製藥股份有限公司,54e0cc90-f9cc-4958-8b2d-333ad38a10d1
應安堂藥品有限公司,57a0a7d7-1860-45f0-8b40-3c79d38a10d1
懷特生技新藥股份有限公司,54e0cc8f-c724-4283-98d0-333ad38a10d1
成功製藥有限公司,57a0a7d2-8980-4c2d-8aff-3c79d38a10d1
成大生物科技股份有限公司,54e0cc93-bf60-4a64-b1d9-333ad38a10d1
成大藥品股份有限公司,54e0cc93-0014-4605-8aa5-333ad38a10d1
提夫製藥股份有限公司,57a0a7d2-7d48-44a3-b074-3c79d38a10d1
救世堂有限公司,57a0a7d4-b7d4-4899-ba30-3c79d38a10d1
救心化學工業股份有限公司製藥廠,57a0a7d6-2ba8-4d07-9491-3c79d38a10d1
救心生技藥業股份有限公司,57a0a7d2-1510-441d-9bd4-3c79d38a10d1
救心生技製藥股份有限公司,57a0a7d3-a6c0-4a64-a14c-3c79d38a10d1
救心製藥株式會社山梨工場,57a0a7d3-8160-4ed9-b7bb-3c79d38a10d1
文記養元堂藥品企業社,57a0a7d2-6f7c-478f-96b4-3c79d38a10d1
新功藥品工業有限公司,54e0cc8e-2050-49f1-86e1-333ad38a10d1
新喜國際企業股份有限公司,54e0cc8e-31c0-4a5e-9f63-333ad38a10d1
新喜生物科技有限公司,57a0a7d2-66f4-4e2d-a4ba-3c79d38a10d1
新喜生物科技股份有限公司,57a0a7d2-0db0-4023-b2e3-3c79d38a10d1
新永豐藥行,57a0a7d3-47b8-4891-a25a-3c79d38a10d1
新誠藥品工業股份有限公司,57a0a7d6-5cdc-49a2-8712-3c79d38a10d1
施泰華製藥廠有限公司,54e0cc8f-f60c-4221-a5ab-333ad38a10d1
日大製藥工業股份有限公司,57a0a7d2-1ba8-490d-b26a-3c79d38a10d1
日本?屋製藥株式會社,57a0a7d2-e134-40c6-b106-3c79d38a10d1
日盛奈米生技有限公司,57a0a80c-ed08-4378-9694-3c7dd38a10d1
旺霖製藥工業有限公司,54e0cc8e-2adc-469c-932a-333ad38a10d1
昇和中藥行,57a0a7d7-4544-462b-9d69-3c79d38a10d1
昌旭生物科技有限公司,57a0a7d4-5b28-41ba-bd08-3c79d38a10d1
明大化學製藥股份有限公司,54e0cc8e-ef78-4d73-8296-333ad38a10d1
明方製藥廠,57a0a7d4-e100-4339-a83a-3c79d38a10d1
明祿實業有限公司,57a0a7d2-906c-490a-a3c5-3c79d38a10d1
明通化學製藥股份有限公司,54e0cc8e-c560-4dfb-8072-333ad38a10d1
明通化學製藥股份有限公司第一廠,57a0a7d2-0270-438e-9eda-3c79d38a10d1
明通化學製藥股份有限公司第二廠,54e0cc8e-e8b4-4490-8e22-333ad38a10d1
昕泰生技製藥股份有限公司,57a0a7d2-6360-432c-88d3-3c79d38a10d1
昕泰製藥工業股份有限公司,57a0a7d2-7e48-4770-ba4c-3c79d38a10d1
春生堂製藥廠,57a0a7d3-d14c-4232-830a-3c79d38a10d1
晉安製藥股份有限公司,54e0cc8e-d1f8-4e4e-b797-333ad38a10d1
晉安製藥股份有限公司頭橋廠,57a0a7d2-19a8-4128-8508-3c79d38a10d1
晟揚國際貿易股份有限公司,54e0cc8f-3f24-4222-b73c-333ad38a10d1
景元國際有限公司,54e0cc92-0528-4b48-bd3e-333ad38a10d1
景德製藥股份有限公司,54e0cc8e-1ea0-4af2-8b18-333ad38a10d1
景新製藥股份有限公司,57a0a7d4-25f0-4bc1-a927-3c79d38a10d1
晶彩藥房,57a0a7d2-2184-4b0d-952d-3c79d38a10d1
木村貿易有限公司,54e0cc8e-5b34-43a8-b38d-333ad38a10d1
杏懋實業股份有限公司,54e0cc92-aa3c-4086-bf14-333ad38a10d1
杏海藥業有限公司,54e0cc8e-ad30-455c-aa13-333ad38a10d1
杏美生技有限公司,57a0a7d5-9994-4424-9b75-3c79d38a10d1
杏聯九九國際行銷股份有限公司,57a0a7d4-d208-46c7-8531-3c79d38a10d1
杏豪貿易股份有限公司,57a0a7d4-2388-4c80-9a33-3c79d38a10d1
杏輝藥品工業股份有限公司,54e0cc8e-70e8-423f-87d0-333ad38a10d1
村記藥業有限公司,57a0a7d3-5558-41f6-8a00-3c79d38a10d1
杭信行,57a0a7d2-0400-48fb-b7ea-3c79d38a10d1
杰森生物科技有限公司,57a0a80b-a954-4116-91c1-3c7dd38a10d1
東寶中藥行,57a0a7d7-43d4-4984-b649-3c79d38a10d1
東引酒廠,57a0a7d5-581c-43d6-be79-3c79d38a10d1
東昇藥品有限公司,54e0cc93-52e0-4d6f-97e2-333ad38a10d1
東榮製藥企業股份限公司,54e0cc8e-91a8-4dca-95f4-333ad38a10d1
東發生物科技製藥股份有限公司,57a0a7d2-a484-4aa5-90f4-3c79d38a10d1
東發生物科技製藥股份有限公司二廠,57a0a7d2-414c-459e-8444-3c79d38a10d1
東發製藥股份有限公司,57a0a7d3-fca4-4794-8e8a-3c79d38a10d1
東陽漢方生技有限公司,57a0a7d2-53a0-4562-a06f-3c79d38a10d1
東陽製藥股份有限公司,57a0a7d2-cd20-4601-878e-3c79d38a10d1
東風企業國際有限公司,57a0a7d3-e1c4-4f88-89fe-3c79d38a10d1
松林藥品有限公司,54e0cc8f-abfc-4c6c-a2ef-333ad38a10d1
松發生物科技有限公司,57a0a7d3-f434-4086-8e6c-3c79d38a10d1
松裕實業股份有限公司,54e0cc8e-da78-401f-9c86-333ad38a10d1
柏諦企業股份有限公司,57a0a7d2-0e70-4af2-8a93-3c79d38a10d1
柏貴企業股份有限公司,57a0a7d2-c35c-4bd4-adf9-3c79d38a10d1
桐南生物科技有限公司,57a0a7d4-50a8-4961-ac8c-3c79d38a10d1
桐瑛生技事業股份有限公司,57a0a7d3-4714-42d8-b32d-3c79d38a10d1
桶屋製藥股份有限公司,57a0a7d2-f9a4-4a3b-96f8-3c79d38a10d1
樂氏同仁藥業有限公司,57a0a7d3-3fb8-4663-8a5c-3c79d38a10d1
正光製藥有限公司,54e0cc8e-e23c-4856-a14f-333ad38a10d1
正和製藥股份有限公司,54e0cc8f-3cf0-44fc-8243-333ad38a10d1
正和製藥股份有限公司新營廠,54e0cc8e-8b90-4560-a786-333ad38a10d1
正和製藥股份有限公司新營廠＊,57a0a7d2-3590-45b3-bfff-3c79d38a10d1
正和製藥股份有限公司柳營廠,57a0a7d3-6158-4794-a25c-3c79d38a10d1
正安堂藥廠,57a0a7d2-e184-4f7b-8908-3c79d38a10d1
正揚製藥股份有限公司,57a0a7d5-756c-4d70-b1f4-3c79d38a10d1
正洋藥品有限公司,57a0a7d2-03d4-437e-b287-3c79d38a10d1
正盛藥品有限公司,54e0cc8e-8710-480d-acec-333ad38a10d1
正福興製藥廠,57a0a7d2-b790-4f6e-9863-3c79d38a10d1
正統藥品工業股份有限公司,54e0cc8e-ef74-4793-90f5-333ad38a10d1
正記生物科技股份有限公司,57a0a7d2-553c-4f4c-83fb-3c79d38a10d1
正長生化學製藥股份有限公司,54e0cc8e-2df8-45c0-986b-333ad38a10d1
武陽生物科技有限公司,57a0a7d4-db10-4b6f-8851-3c79d38a10d1
毅欣有限公司,57a0a811-a120-48e2-bfe4-3c7dd38a10d1
毿田貿易有限公司,57a0a7d2-4f24-4159-96ad-3c79d38a10d1
永仁生技藥業有限公司,57a0a7d2-9e3c-405a-8191-3c79d38a10d1
永偕實業有限公司,57a0a7d2-1dbc-405d-82cd-3c79d38a10d1
永勝藥品工業股份有限公司,54e0cc8f-44bc-47b2-a8b7-333ad38a10d1
永勝藥品工業股份有限公司嘉義廠,57a0a7d7-7f74-49df-8454-3c79d38a10d1
永安藥品有限公司,57a0a7d2-5fd0-4153-8762-3c79d38a10d1
永安製藥所,57a0a7d2-8c6c-4c87-9c5b-3c79d38a10d1
永政西藥房,57a0a7d3-6060-447b-a6c0-3c79d38a10d1
永現國際股份有限公司,57a0a7d2-1174-45c4-bfa2-3c79d38a10d1
永聖中藥房,57a0a7d4-9db8-4488-bd76-3c79d38a10d1
永豐化學製藥股份有限公司,57a0a7d4-1cd4-4b75-a832-3c79d38a10d1
汎宇藥業股份有限公司,54e0cc94-1cec-4238-b8fd-333ad38a10d1
江石企業有限公司,57a0a7d3-8a5c-4047-8ffa-3c79d38a10d1
沈長泉藥品科技有限公司,57a0a7d2-4c74-4ede-a013-3c79d38a10d1
沈長泉製藥廠,57a0a7d5-b1e4-467e-a3eb-3c79d38a10d1
河本生物科技企業社,57a0a7d2-8268-45bb-81da-3c79d38a10d1
治齒靈有限公司,54e0cc90-2a04-41ec-ba8d-333ad38a10d1
泉興蔘藥行,57a0a7d3-3794-4cf5-8158-3c79d38a10d1
泰吉醫藥科技有限公司,57a0a7d2-948c-4dfd-b224-3c79d38a10d1
泰昌製藥廠,57a0a7d3-8778-4ac3-9ef8-3c79d38a10d1
泰豐堂中藥生物科技有限公司,57a0a7d2-fae4-4fcb-8980-3c79d38a10d1
泰豐堂金牌神龍一條根醫藥有限公司,57a0a7d2-ae68-4d9f-a5ec-3c79d38a10d1
津村株式會社靜岡工廠,57a0a7d5-27a4-472a-8fb8-3c79d38a10d1
活力生化科技有限公司,57a0a7d2-873c-4e99-a9e8-3c79d38a10d1
活立旺生技有限公司,54e0cc8f-4b20-4a75-8fe8-333ad38a10d1
流民拳生物科技藥品有限公司,57a0a7d3-1400-4443-8cd4-3c79d38a10d1
浤匯藥品有限公司,57a0a7d2-e678-42a0-b8ed-3c79d38a10d1
浩然堂藥品本舖,57a0a7d2-2e40-4a2c-b34c-3c79d38a10d1
浩然堂製藥廠,54e0cc8e-0f84-4fe7-a822-333ad38a10d1
深浦藥品股份有限公司龍潭廠,57a0a7d2-3638-492c-bba2-3c79d38a10d1
淵明藥品有限公司,57a0a7d2-f10c-4cb5-943d-3c79d38a10d1
港香蘭應用生技股份有限公司,57a0a7d2-8d10-42d8-91e4-3c79d38a10d1
港香蘭藥廠股份有限公司,57a0a7d2-6430-430b-b4c8-3c79d38a10d1
源洲奈米生物科技藥品有限公司,54e0cc8e-ea24-495c-bd1a-333ad38a10d1
漁人製藥股份有限公司,54e0cc8e-7824-4b53-9c79-333ad38a10d1
漢仁製藥廠股份有限公司,57a0a7d6-fcd4-4ad1-b856-3c79d38a10d1
漢本方奈米生技有限公司,57a0a7d2-e2fc-44ac-8f5f-3c79d38a10d1
漢聖製藥科技股份有限公司,57a0a7d2-0778-4643-90a0-3c79d38a10d1
澳斯麗國際股份有限公司,54e0cc8e-dc7c-4d3a-b6a8-333ad38a10d1
濟人堂藥粧科技有限公司,57a0a7d2-99ec-40c3-ada7-3c79d38a10d1
炳翰製藥廠股份有限公司,57a0a80b-47ec-49e4-822d-3c7dd38a10d1
煜昌製藥廠,57a0a7d5-08d4-47d6-8316-3c79d38a10d1
玄門堂號中藥行,57a0a7d2-b114-4e6f-9515-3c79d38a10d1
玉兔醫藥生物科技有限公司,57a0a7d2-ef38-45b8-9cd7-3c79d38a10d1
玉榮堂生化科技股份有限公司,54e0cc8e-b4e8-408c-8c35-333ad38a10d1
王品生物科技有限公司,57a0a7d2-e830-4b20-baf6-3c79d38a10d1
王將生技藥品企業有限公司,54e0cc8e-fe08-4581-897f-333ad38a10d1
王將製藥廠,54e0cc93-7aa0-46da-80e2-333ad38a10d1
玖龍生技藥品有限公司,57a0a7d3-1abc-4276-96ca-3c79d38a10d1
珍安中藥行,57a0a7d5-2638-42eb-a34f-3c79d38a10d1
瑞伯中藥房,57a0a7d2-0610-4aea-996c-3c79d38a10d1
瑞億生技藥品有限公司,57a0a7d2-4650-4940-bf7b-3c79d38a10d1
瑞元藥業有限公司,57a0a7d2-8f78-46bc-b261-3c79d38a10d1
瑞安堂生技藥品有限公司,57a0a7d2-a58c-42bb-af00-3c79d38a10d1
瑞峰蔘藥行,57a0a7d6-9594-4e62-b49a-3c79d38a10d1
瑞昌製藥股份有限公司,57a0a7d2-6684-42e4-a513-3c79d38a10d1
瑞晟蔘藥行,57a0a7d2-f4f4-45c7-9098-3c79d38a10d1
甜河谷醫藥生技股份有限公司,57a0a7d5-35ac-441b-aecd-3c79d38a10d1
生元貿易有限公司,54e0cc8e-1fc4-42fb-b1ed-333ad38a10d1
生春堂製藥工業股份有限公司,54e0cc8e-39e0-4c90-a597-333ad38a10d1
生樺物產有限公司,57a0a7d3-47ec-4481-bd6f-3c79d38a10d1
生泰合成工業股份有限公司,54e0cc8f-86a8-449b-82f8-333ad38a10d1
生達化學製藥股份有限公司,54e0cc8f-24d8-4e41-9b2b-333ad38a10d1
生達化學製藥股份有限公司二廠,54e0cc90-03a0-4a11-bdd8-333ad38a10d1
生都藥品有限公司,57a0a7d2-b9a0-439e-b021-3c79d38a10d1
白花油國際有限公司,54e0cc8e-d080-4d89-a4b4-333ad38a10d1
白花油製藥有限公司,57a0a7d3-860c-4e24-af0b-3c79d38a10d1
百仙製藥工業股份有限公司,57a0a7d2-c530-4394-9e63-3c79d38a10d1
百仙製藥工業股份有限公司復興廠,57a0a7d3-8dd4-4ee9-9181-3c79d38a10d1
百壽製藥廠有限公司,57a0a7d2-f724-4aa7-b0a8-3c79d38a10d1
百壽製藥廠有限公司平鎮廠,57a0a7d4-2054-416f-8677-3c79d38a10d1
百陽藥品有限公司,57a0a7d2-bed0-44c8-ab77-3c79d38a10d1
皇漢製藥廠,57a0a7d3-3d58-4889-9038-3c79d38a10d1
盛興製藥所,57a0a7d2-5a4c-487a-8912-3c79d38a10d1
盤石生技股份有限公司,57a0a7d3-a3a8-457d-9fb6-3c79d38a10d1
真珠堂天然化學製藥股份有限公司,57a0a7d5-6208-4c4d-b9a7-3c79d38a10d1
祐誠貿易有限公司,57a0a7d2-3a1c-45fa-a9fd-3c79d38a10d1
神聖製藥廠,57a0a7d2-03cc-4ad7-8a38-3c79d38a10d1
神補生物科技有限公司,57a0a7d2-255c-4e66-a220-3c79d38a10d1
神農家族健康舖有限公司,57a0a7d2-8558-4b6b-af43-3c79d38a10d1
祥安中藥行,57a0a7d2-c754-4a5b-b4d3-3c79d38a10d1
福可多製藥工業有限公司,57a0a7d4-665c-4490-b8f7-3c79d38a10d1
福可多製藥工業有限公司大寮廠,57a0a7d4-6d00-4b33-83a3-3c79d38a10d1
福安科技製藥股份有限公司,57a0a7d2-7288-4ea5-ae0f-3c79d38a10d1
福漢奈米醫藥科技有限公司,57a0a7d2-c92c-43dc-9d39-3c79d38a10d1
福祿壽三仙製藥廠有限公司,57a0a7d2-e040-4d5e-8a26-3c79d38a10d1
福祿壽三仙製藥廠有限公司台中二廠,57a0a7d2-3b00-4b21-98e4-3c79d38a10d1
福記藥行,57a0a7d6-68dc-4506-b0f8-3c79d38a10d1
福隆興製藥有限公司,57a0a80a-7924-4aea-859c-3c7dd38a10d1
秋毅企業有限公司,57a0a7d2-ff88-47f2-83df-3c79d38a10d1
科林頓貿易股份有限公司,57a0a7d4-bb2c-4215-b079-3c79d38a10d1
科達製藥股份有限公司,57a0a7d2-d358-49e4-ae20-3c79d38a10d1
立冶貿易有限公司,57a0a7d2-4e38-42c5-8c66-3c79d38a10d1
立國藥品股份有限公司,54e0cc8f-9f58-4b5e-aae7-333ad38a10d1
立安生物科技製藥股份有限公司,57a0a7d2-fb9c-4b4b-bd4b-3c79d38a10d1
立安製藥股份有限公司,57a0a7d5-fe48-43ce-a1c7-3c79d38a10d1
立康生物科技股份有限公司,54e0cc8e-aaf0-461f-9a89-333ad38a10d1
立康生物科技股份有限公司工廠,54e0cc8e-a6a4-4075-8479-333ad38a10d1
立昌醫藥有限公司,57a0a7d4-2590-44e8-a46e-3c79d38a10d1
立通實業有限公司,57a0a7d7-8f50-42c5-b2a9-3c79d38a10d1
第一藥品工業株式會社,57a0a7d2-2c98-40b3-9c16-3c79d38a10d1
純陽實業股份有限公司,57a0a7d2-a35c-4fc3-be89-3c79d38a10d1
統一生化科技廠國際股份有限公司仁德分公司,57a0a7d2-b448-46d7-9113-3c79d38a10d1
統一藥品工業股份有限公司,57a0a7d2-95bc-456b-82fc-3c79d38a10d1
統勝企業有限公司,57a0a7d2-28b4-4b35-acd5-3c79d38a10d1
綺蔘貿易股份有限公司,57a0a7d2-a50c-4a0c-8680-3c79d38a10d1
總源化學藥廠,57a0a7d2-a9b8-4e49-8edb-3c79d38a10d1
美利門化學製藥股份有限公司,54e0cc8e-d4d0-4357-b5a1-333ad38a10d1
美成生物科技有限公司,57a0a7d2-0c00-47fc-8e83-3c79d38a10d1
美樂佳實業股份有限公司,54e0cc92-c134-488e-9216-333ad38a10d1
翰偉企業股份有限公司,54e0cc8f-37f0-463d-b6d8-333ad38a10d1
翰承生物科技有限公司,57a0a7d2-67b8-4746-ae4a-3c79d38a10d1
耀洲藥業有限公司,57a0a7d2-41dc-41d1-9284-3c79d38a10d1
耀華藥業有限公司,57a0a7d7-6418-4d7e-a1af-3c79d38a10d1
老塗獅藥品商行,57a0a7d2-4950-47a9-9138-3c79d38a10d1
老漢藥品股份有限公司,57a0a7d2-48bc-439c-8443-3c79d38a10d1
老漢製藥股份有限公司,57a0a7d6-77a0-4570-859b-3c79d38a10d1
聖秘藥品股份有限公司,54e0cc8f-b2ac-47cf-985b-333ad38a10d1
聚安堂藥廠股份有限公司,57a0a7d2-09ac-4d4d-810a-3c79d38a10d1
聯昌中藥科技有限公司,57a0a80b-62e8-45aa-9445-3c7dd38a10d1
聯群生技有限公司,57a0a80b-1a18-47e7-84f2-3c7dd38a10d1
肝王製藥股份有限公司,57a0a7d2-5a2c-4382-8389-3c79d38a10d1
腦得生生物科技股份有限公司,57a0a7d6-42ec-412b-8f5a-3c79d38a10d1
致緯有限公司,57a0a7d3-2ae0-4ada-a309-3c79d38a10d1
臺灣三帆製藥科技股份有限公司,57a0a7d2-f220-4013-a2aa-3c79d38a10d1
臺灣三陽製藥廠股份有公司,57a0a7d2-08e0-448b-b108-3c79d38a10d1
臺灣三陽製藥廠股份有限公司,54e0cc8f-9c44-4a2b-83bd-333ad38a10d1
臺灣大生醫有限公司,57a0a7d2-71e8-426c-ac5a-3c79d38a10d1
臺灣立馬製藥工業股份有限公司,54e0cc90-1010-4cf3-84d1-333ad38a10d1
良濟堂生技製藥有限公司宜蘭廠,57a0a7d2-96b0-4530-bbd4-3c79d38a10d1
良維國際有限公司,57a0a7d2-8dcc-4b4d-8f38-3c79d38a10d1
英全藥品有限公司,54e0cc92-631c-4a0f-8ef2-333ad38a10d1
英森製藥所,57a0a7d3-8554-4a23-b8d2-3c79d38a10d1
英橋企業股份有限公司,57a0a7d2-4d24-4ce6-8407-3c79d38a10d1
英橋生物科技股份有限公司,57a0a7d3-4640-4be0-940a-3c79d38a10d1
草本堂生物科技有限公司,57a0a7d2-a0b4-48f9-8ea2-3c79d38a10d1
莊春仁生物科技製藥有限公司,57a0a7d2-236c-40db-b10f-3c79d38a10d1
莊春源中藥行,57a0a7d4-9098-4c2d-af95-3c79d38a10d1
莊春源製藥廠,57a0a7d2-e1f0-4cfb-9072-3c79d38a10d1
莊松榮製藥廠有限公司,57a0a7d2-8010-49dc-a4f5-3c79d38a10d1
莊松榮製藥廠有限公司里港分廠,57a0a7d2-b50c-4daf-ae78-3c79d38a10d1
華僑製藥有限公司,54e0cc8e-7bf8-46ca-ad40-333ad38a10d1
華國製藥股份有限公司,54e0cc8f-b430-442b-bbeb-333ad38a10d1
華昌製藥廠股份有限公司,57a0a7d2-4be8-4ec9-a7fb-3c79d38a10d1
華昌製藥生化科技股份有限公司,57a0a80b-e624-4436-99fa-3c7dd38a10d1
華王製藥廠,57a0a7d4-39e4-41a6-b3de-3c79d38a10d1
華科製藥廠,57a0a7d4-0624-4fce-8c7d-3c79d38a10d1
華陀扶元堂生藥科技股份有限公司,57a0a7d3-fdac-46dc-b537-3c79d38a10d1
華陀氏化學製藥廠有限公司,57a0a7d3-c484-4d11-8cd7-3c79d38a10d1
萬國製藥廠股份有限公司,57a0a7d2-c590-45f4-9cf9-3c79d38a10d1
萬年製藥股份有限公司,57a0a7d3-82a4-464d-a620-3c79d38a10d1
葡萄王企業股份有限公司,54e0cc92-c948-43fb-88ac-333ad38a10d1
葡萄王企業股份有限公司藥品製造廠,54e0cc92-b1d8-4047-9b5a-333ad38a10d1
葡萄王生技股份有限公司,54e0cc8e-a838-425c-81a8-333ad38a10d1
蓋茲國際企業股份有限公司,57a0a7d4-d674-4536-9ffc-3c79d38a10d1
蕭堯生化科技有限公司,57a0a7d2-5768-4743-83b9-3c79d38a10d1
藥香生物科技有限公司,57a0a7d4-2bc0-46d9-83a1-3c79d38a10d1
裕元堂生藥科技有限公司,57a0a7d2-4180-43d7-88de-3c79d38a10d1
西屯火爐中藥房,57a0a7d2-f648-4d2b-a37a-3c79d38a10d1
西成企業有限公司,57a0a7d7-9970-452c-a31f-3c79d38a10d1
詠儐國際有限公司,57a0a7d6-3854-43ad-91f5-3c79d38a10d1
詠大製藥股份有限公司,54e0cc92-f9a0-4875-8e4e-333ad38a10d1
詹德和中藥房,57a0a7d2-db34-4126-ae9f-3c79d38a10d1
護民企業股份有限公司,54e0cc8e-95d4-4904-a0bc-333ad38a10d1
豐生堂藥房,57a0a7d2-1c88-4ff2-ad7a-3c79d38a10d1
豐生製藥生物科技股份有限公司,57a0a7d2-cd70-441a-8648-3c79d38a10d1
貼樂生技有限公司,57a0a7d3-41a4-44a9-bfeb-3c79d38a10d1
賀保堂藥廠股份有限公司,57a0a818-11d4-4c70-a8c9-3c7dd38a10d1
賜安堂藥房,57a0a7d6-47fc-4355-9c05-3c79d38a10d1
足輕鬆實業有限公司,57a0a7d2-23c0-456a-b2b2-3c79d38a10d1
輝翎企業有限公司,57a0a7d4-25a4-4d94-b17e-3c79d38a10d1
輝陽藥品股份有限公司,57a0a816-8dc8-449c-b824-3c7dd38a10d1
農馬實業有限公司,57a0a7d2-581c-4c48-94e4-3c79d38a10d1
迪弘生物科技股份有限公司,57a0a7d2-2b40-44f1-9b0c-3c79d38a10d1
連燈中藥企業商行,57a0a7d2-a3d8-4b6a-8da5-3c79d38a10d1
鄭克明製藥股份有限公司,57a0a7d6-802c-4737-bc19-3c79d38a10d1
鄭杏泰生物科技股份有限公司,57a0a7d3-3c88-4202-8eca-3c79d38a10d1
鄭杏泰生物科技股份有限公司台中廠,54e0cc8e-0a08-455e-b963-333ad38a10d1
鄭杏泰醫藥業股份有限公司,54e0cc91-1904-4ba6-aab1-333ad38a10d1
金吳記企業有限公司,57a0a7d2-eafc-4cb0-9235-3c79d38a10d1
金德利藥業有限公司,57a0a7d4-15ac-4588-80ac-3c79d38a10d1
金標製藥廠,57a0a7d3-580c-4a2d-948a-3c79d38a10d1
金活帖本舖有限公司,57a0a7d3-28f4-4f33-be13-3c79d38a10d1
金浦生技股份有限公司,57a0a7d3-df48-4c35-b4a8-3c79d38a10d1
金牌一條根生物科技有限公司,57a0a7d2-855c-444b-b6ad-3c79d38a10d1
金門一條根有限公司,57a0a7d2-1b90-48f6-8eb4-3c79d38a10d1
金鳳陽蔘藥行,57a0a7d2-1770-46d0-896b-3c79d38a10d1
錦鴻生技國際股份有限公司,57a0a80b-7ba4-4c26-bd77-3c7dd38a10d1
鐵獅藥品有限公司,54e0cc8f-8cd0-4567-94f4-333ad38a10d1
鑫田醫藥生物科技有限公司,57a0a7d3-e0bc-494b-8c0c-3c79d38a10d1
鑽石皇生技有限公司,57a0a7d2-f688-41fc-8b4f-3c79d38a10d1
長安化學工業股份有限公司,54e0cc8e-9b98-46ea-b7c5-333ad38a10d1
長春藥品社,57a0a7d2-eea4-4b77-b139-3c79d38a10d1
長樂製藥廠有限公司,57a0a7d2-5e80-4011-89ae-3c79d38a10d1
長生堂中藥房,57a0a7d6-e644-47a2-a66e-3c79d38a10d1
長生堂製藥廠,57a0a7d2-5e18-4e67-a2ed-3c79d38a10d1
長青製藥廠有限公司,57a0a7d5-6444-42e6-ad30-3c79d38a10d1
開成醫藥科技有限公司,57a0a7d4-059c-4206-a631-3c79d38a10d1
阿桐伯生物科技製藥廠股份有限公司,54e0cc8e-d830-49f8-979e-333ad38a10d1
阿桐伯製藥有限公司,57a0a7d3-3fd0-4de9-be2b-3c79d38a10d1
阿桐伯製藥股份有限公司,54e0cc8e-cea8-4f9a-aa8c-333ad38a10d1
降火谷葯品有限公司,57a0a7d2-5b90-4dba-9df2-3c79d38a10d1
降火谷藥品有限公司,57a0a7d2-45fc-4b1e-b51c-3c79d38a10d1
隆寶生物科技有限公司,57a0a7d2-7744-4554-9b49-3c79d38a10d1
雲南製藥廠股份有限公司,57a0a7d5-44f4-4e5c-8565-3c79d38a10d1
雲南製藥股份有限公司,57a0a7d2-9ea8-44b9-9457-3c79d38a10d1
靈芝山藥品有限公司,54e0cc8e-0b50-443d-8290-333ad38a10d1
順堂藥業股份有限公司,57a0a7d2-4630-4acb-98ec-3c79d38a10d1
順天堂藥廠股份有限公司,57a0a804-2c20-457c-89ee-3c7dd38a10d1
順天堂藥廠股份有限公司台中廠,57a0a7d2-60c8-4a7f-943d-3c79d38a10d1
順天堂藥廠股份有限公司新店廠,57a0a7d2-87f4-4800-96dd-3c79d38a10d1
順安製藥工業有限公司,54e0cc95-db98-40b4-8748-333ad38a10d1
順然藥品股份有限公司,57a0a7d4-248c-4cb2-ba89-3c79d38a10d1
順然藥品股份有限公司南投廠,57a0a7d2-9160-4d30-8b03-3c79d38a10d1
順瑛堂生物科技製藥股份有限公司,57a0a80b-1db4-429b-ba28-3c7dd38a10d1
順翔生物科技股份有限公司,57a0a7d6-4980-4b39-a26f-3c79d38a10d1
順興堂股份有限公司,54e0cc8e-f660-4371-9de9-333ad38a10d1
順興堂股份有限公司新店廠,57a0a7d2-f4e8-4b2d-a728-3c79d38a10d1
順豪生物科技股份有限公司,57a0a7d2-5084-484c-801d-3c79d38a10d1
領先奈米製藥生技股份有限公司,57a0a7d2-c278-4be7-a2af-3c79d38a10d1
領先奈米製藥生技股份有限公司台南廠,57a0a7d2-c6c4-4841-9328-3c79d38a10d1
領先奈米製藥生技股份有限公司桃園廠,57a0a80b-75e4-4ed8-9ad2-3c7dd38a10d1
顏玉瑩和興化工廠有限公司,54e0cc8f-0c44-437c-9efd-333ad38a10d1
飛昇藥品企業有限公司,57a0a7d4-3f14-4079-8762-3c79d38a10d1
飛昇藥品生物科技有限公司,57a0a7d2-9690-4103-84d9-3c79d38a10d1
養命酒製造株式會社,57a0a7d7-0cf0-48f7-8aaf-3c79d38a10d1
養德藥品社,57a0a7d2-fc14-4014-a13f-3c79d38a10d1
香生堂企業有限公司,57a0a7d2-44f8-4558-8076-3c79d38a10d1
馬祖酒廠,57a0a7d2-5e74-41e0-8b81-3c79d38a10d1
駿德貿易有限公司,57a0a7d3-9ec8-41ef-8f58-3c79d38a10d1
駿緯醫藥科技股份有限公司,57a0a7d3-dcac-4de3-aefa-3c79d38a10d1
高泰和藥舖,57a0a7d2-5c48-46c0-b76b-3c79d38a10d1
鳳林堂中藥行,57a0a7d3-2938-4c19-9d06-3c79d38a10d1
鴻亞生物科技股份有限公司,57a0a7d4-db88-48b1-96de-3c79d38a10d1
鴻吉興業股份有限公司,57a0a7d5-ad04-4d1d-88ba-3c79d38a10d1
鶴龍藥品有限公司,57a0a7d2-e404-4af0-9128-3c79d38a10d1
鹿世界國際事業有限公司,57a0a7d5-30f4-4b18-8c5a-3c79d38a10d1
鹿王國際開發有限公司,57a0a7d2-6d6c-43a1-9253-3c79d38a10d1
麥爾斯生技新藥股份有限公司,57a0a7d3-8bc8-4591-8414-3c79d38a10d1
黃花雪蓮生技藥品股份有限公司,57a0a7d2-6fb0-4940-8887-3c79d38a10d1
黃萬壽化學製藥股份有限公司,57a0a7d4-f43c-4d69-8c9c-3c79d38a10d1
黑人製藥股份有限公司,54e0cc97-5db4-4574-86f9-333ad38a10d1
鼻王藥品有限公司,57a0a7d4-f568-44af-b765-3c79d38a10d1
龍德製藥廠股份有限公司,54e0cc8e-da4c-4012-aa42-333ad38a10d1
龍杏生技製藥股份有限公司,54e0cc8e-fcf8-416f-85af-333ad38a10d1
